"","type","floor5x","dwage9x","count","countsamp","conf"
"2774","Basement converted flat","less than 50 sqm","pre 1850",4643,2,2321.5
"7596","Basement converted flat","50 to 69 sqm","pre 1850",3796,1,3796
"6757","Basement converted flat","70 to 89 sqm","pre 1850",1656,1,1656
"4453","Basement converted flat","less than 50 sqm","1850 to 1899",17318,6,2886.33333333333
"1255","Basement converted flat","50 to 69 sqm","1850 to 1899",12390,7,1770
"5231","Basement converted flat","70 to 89 sqm","1850 to 1899",10989,4,2747.25
"675","Basement converted flat","90 to 109 sqm","1850 to 1899",8127,3,2709
"9270","Basement converted flat","110 sqm or more","1850 to 1899",2020,1,2020
"7922","Basement converted flat","less than 50 sqm","1900 to 1918",1168,1,1168
"6146","Basement converted flat","90 to 109 sqm","1900 to 1918",5826,1,5826
"2557","Basement converted flat","50 to 69 sqm","1919 to 1944",1102,1,1102
"5243","Basement converted flat","110 sqm or more","1919 to 1944",1639,1,1639
"673","Basement purpose built flat, low rise","less than 50 sqm","1850 to 1899",4815,3,1605
"12347","Basement purpose built flat, low rise","50 to 69 sqm","1850 to 1899",1591,1,1591
"6151","Basement purpose built flat, low rise","less than 50 sqm","1965 to 1974",668,1,668
"4384","Basement purpose built flat, low rise","50 to 69 sqm","post 1990",2604,2,1302
"12316","Basement purpose built flat, low rise","70 to 89 sqm","post 1990",1772,1,1772
"2747","bungalow","less than 50 sqm","pre 1850",870,1,870
"9114","bungalow","50 to 69 sqm","pre 1850",2408,1,2408
"7901","bungalow","90 to 109 sqm","pre 1850",1802,1,1802
"2114","bungalow","110 sqm or more","pre 1850",2020,1,2020
"2645","bungalow","50 to 69 sqm","1850 to 1899",930,1,930
"5706","bungalow","70 to 89 sqm","1850 to 1899",956,1,956
"4012","bungalow","90 to 109 sqm","1850 to 1899",6786,1,6786
"707","bungalow","110 sqm or more","1850 to 1899",10435,3,3478.33333333333
"620","bungalow","less than 50 sqm","1900 to 1918",2090,3,696.666666666667
"5451","bungalow","50 to 69 sqm","1900 to 1918",5112,3,1704
"4532","bungalow","70 to 89 sqm","1900 to 1918",1693,1,1693
"3317","bungalow","90 to 109 sqm","1900 to 1918",2179,1,2179
"960","bungalow","110 sqm or more","1900 to 1918",4749,2,2374.5
"146","bungalow","less than 50 sqm","1919 to 1944",43938,34,1292.29411764706
"4","bungalow","50 to 69 sqm","1919 to 1944",98763,37,2669.27027027027
"1709","bungalow","70 to 89 sqm","1919 to 1944",50579,20,2528.95
"417","bungalow","90 to 109 sqm","1919 to 1944",33225,14,2373.21428571429
"3215","bungalow","110 sqm or more","1919 to 1944",14705,5,2941
"6","bungalow","less than 50 sqm","1945 to 1964",153681,178,863.376404494382
"48","bungalow","50 to 69 sqm","1945 to 1964",234783,132,1778.65909090909
"83","bungalow","70 to 89 sqm","1945 to 1964",128542,51,2520.43137254902
"1743","bungalow","90 to 109 sqm","1945 to 1964",49160,19,2587.36842105263
"361","bungalow","110 sqm or more","1945 to 1964",67543,19,3554.89473684211
"53","bungalow","less than 50 sqm","1965 to 1974",65736,68,966.705882352941
"176","bungalow","50 to 69 sqm","1965 to 1974",216807,125,1734.456
"254","bungalow","70 to 89 sqm","1965 to 1974",134046,55,2437.2
"778","bungalow","90 to 109 sqm","1965 to 1974",58189,17,3422.88235294118
"321","bungalow","110 sqm or more","1965 to 1974",75909,28,2711.03571428571
"180","bungalow","less than 50 sqm","1975 to 1980",30133,30,1004.43333333333
"191","bungalow","50 to 69 sqm","1975 to 1980",58746,40,1468.65
"182","bungalow","70 to 89 sqm","1975 to 1980",51471,20,2573.55
"961","bungalow","90 to 109 sqm","1975 to 1980",27402,11,2491.09090909091
"2126","bungalow","110 sqm or more","1975 to 1980",30209,9,3356.55555555556
"141","bungalow","less than 50 sqm","1981 to 1990",64608,51,1266.82352941176
"24","bungalow","50 to 69 sqm","1981 to 1990",108093,62,1743.43548387097
"2447","bungalow","70 to 89 sqm","1981 to 1990",37293,14,2663.78571428571
"2598","bungalow","90 to 109 sqm","1981 to 1990",29025,10,2902.5
"3302","bungalow","110 sqm or more","1981 to 1990",20583,9,2287
"88","bungalow","less than 50 sqm","post 1990",31647,17,1861.58823529412
"32","bungalow","50 to 69 sqm","post 1990",62253,47,1324.53191489362
"273","bungalow","70 to 89 sqm","post 1990",55493,21,2642.52380952381
"987","bungalow","90 to 109 sqm","post 1990",24189,9,2687.66666666667
"6070","bungalow","110 sqm or more","post 1990",18858,7,2694
"5754","converted flat 2 floors","70 to 89 sqm","pre 1850",1102,1,1102
"11202","detached 2 floors","less than 50 sqm","pre 1850",1890,1,1890
"4438","detached 2 floors","50 to 69 sqm","pre 1850",940,1,940
"1609","detached 2 floors","70 to 89 sqm","pre 1850",17751,4,4437.75
"909","detached 2 floors","90 to 109 sqm","pre 1850",24827,10,2482.7
"429","detached 2 floors","110 sqm or more","pre 1850",183191,69,2654.94202898551
"6732","detached 2 floors","less than 50 sqm","1850 to 1899",3075,2,1537.5
"9172","detached 2 floors","50 to 69 sqm","1850 to 1899",3562,2,1781
"2537","detached 2 floors","70 to 89 sqm","1850 to 1899",17515,6,2919.16666666667
"188","detached 2 floors","90 to 109 sqm","1850 to 1899",43614,14,3115.28571428571
"1102","detached 2 floors","110 sqm or more","1850 to 1899",80125,33,2428.0303030303
"12282","detached 2 floors","less than 50 sqm","1900 to 1918",470,1,470
"8268","detached 2 floors","50 to 69 sqm","1900 to 1918",2975,1,2975
"619","detached 2 floors","70 to 89 sqm","1900 to 1918",7391,4,1847.75
"1428","detached 2 floors","90 to 109 sqm","1900 to 1918",12254,5,2450.8
"324","detached 2 floors","110 sqm or more","1900 to 1918",74048,26,2848
"8582","detached 2 floors","50 to 69 sqm","1919 to 1944",7786,3,2595.33333333333
"2408","detached 2 floors","70 to 89 sqm","1919 to 1944",37872,19,1993.26315789474
"3519","detached 2 floors","90 to 109 sqm","1919 to 1944",53929,20,2696.45
"213","detached 2 floors","110 sqm or more","1919 to 1944",352564,113,3120.03539823009
"8215","detached 2 floors","less than 50 sqm","1945 to 1964",2776,1,2776
"1161","detached 2 floors","50 to 69 sqm","1945 to 1964",7584,3,2528
"660","detached 2 floors","70 to 89 sqm","1945 to 1964",20904,9,2322.66666666667
"244","detached 2 floors","90 to 109 sqm","1945 to 1964",74388,25,2975.52
"103","detached 2 floors","110 sqm or more","1945 to 1964",359699,121,2972.71900826446
"8855","detached 2 floors","50 to 69 sqm","1965 to 1974",1918,1,1918
"237","detached 2 floors","70 to 89 sqm","1965 to 1974",79408,29,2738.20689655172
"187","detached 2 floors","90 to 109 sqm","1965 to 1974",79313,35,2266.08571428571
"67","detached 2 floors","110 sqm or more","1965 to 1974",402573,145,2776.36551724138
"108","detached 2 floors","50 to 69 sqm","1975 to 1980",24986,8,3123.25
"131","detached 2 floors","70 to 89 sqm","1975 to 1980",55480,24,2311.66666666667
"1393","detached 2 floors","90 to 109 sqm","1975 to 1980",82132,34,2415.64705882353
"59","detached 2 floors","110 sqm or more","1975 to 1980",238433,75,3179.10666666667
"10359","detached 2 floors","less than 50 sqm","1981 to 1990",1541,1,1541
"2229","detached 2 floors","50 to 69 sqm","1981 to 1990",34042,13,2618.61538461538
"1515","detached 2 floors","70 to 89 sqm","1981 to 1990",77083,30,2569.43333333333
"711","detached 2 floors","90 to 109 sqm","1981 to 1990",116813,35,3337.51428571429
"205","detached 2 floors","110 sqm or more","1981 to 1990",271553,99,2742.9595959596
"6771","detached 2 floors","less than 50 sqm","post 1990",1412,1,1412
"604","detached 2 floors","50 to 69 sqm","post 1990",35098,12,2924.83333333333
"785","detached 2 floors","70 to 89 sqm","post 1990",88239,37,2384.83783783784
"883","detached 2 floors","90 to 109 sqm","post 1990",218479,80,2730.9875
"18","detached 2 floors","110 sqm or more","post 1990",592553,192,3086.21354166667
"4985","detached 3 floors","90 to 109 sqm","pre 1850",1249,1,1249
"1982","detached 3 floors","110 sqm or more","pre 1850",28102,13,2161.69230769231
"9077","detached 3 floors","70 to 89 sqm","1850 to 1899",1204,1,1204
"7859","detached 3 floors","90 to 109 sqm","1850 to 1899",1988,1,1988
"1323","detached 3 floors","110 sqm or more","1850 to 1899",38327,10,3832.7
"8296","detached 3 floors","70 to 89 sqm","1900 to 1918",2193,1,2193
"1552","detached 3 floors","110 sqm or more","1900 to 1918",21980,10,2198
"2826","detached 3 floors","110 sqm or more","1919 to 1944",26302,10,2630.2
"118","detached 3 floors","110 sqm or more","1945 to 1964",18899,8,2362.375
"7385","detached 3 floors","110 sqm or more","1965 to 1974",17747,3,5915.66666666667
"7156","detached 3 floors","90 to 109 sqm","1975 to 1980",2706,1,2706
"4774","detached 3 floors","110 sqm or more","1975 to 1980",2219,1,2219
"602","detached 3 floors","110 sqm or more","1981 to 1990",17866,5,3573.2
"7406","detached 3 floors","70 to 89 sqm","post 1990",1536,1,1536
"943","detached 3 floors","90 to 109 sqm","post 1990",5769,3,1923
"156","detached 3 floors","110 sqm or more","post 1990",89282,30,2976.06666666667
"2896","end terrace 2 floors","less than 50 sqm","pre 1850",2917,2,1458.5
"1391","end terrace 2 floors","50 to 69 sqm","pre 1850",6541,4,1635.25
"914","end terrace 2 floors","70 to 89 sqm","pre 1850",7959,3,2653
"11632","end terrace 2 floors","90 to 109 sqm","pre 1850",6274,1,6274
"1037","end terrace 2 floors","110 sqm or more","pre 1850",18567,9,2063
"5828","end terrace 2 floors","less than 50 sqm","1850 to 1899",2751,3,917
"2054","end terrace 2 floors","50 to 69 sqm","1850 to 1899",43534,25,1741.36
"219","end terrace 2 floors","70 to 89 sqm","1850 to 1899",70534,30,2351.13333333333
"1320","end terrace 2 floors","90 to 109 sqm","1850 to 1899",48457,18,2692.05555555556
"1032","end terrace 2 floors","110 sqm or more","1850 to 1899",41499,12,3458.25
"3910","end terrace 2 floors","less than 50 sqm","1900 to 1918",5132,3,1710.66666666667
"1003","end terrace 2 floors","50 to 69 sqm","1900 to 1918",65065,25,2602.6
"311","end terrace 2 floors","70 to 89 sqm","1900 to 1918",66427,32,2075.84375
"1498","end terrace 2 floors","90 to 109 sqm","1900 to 1918",26442,11,2403.81818181818
"1271","end terrace 2 floors","110 sqm or more","1900 to 1918",40332,15,2688.8
"4913","end terrace 2 floors","less than 50 sqm","1919 to 1944",4426,4,1106.5
"55","end terrace 2 floors","50 to 69 sqm","1919 to 1944",130322,97,1343.52577319588
"242","end terrace 2 floors","70 to 89 sqm","1919 to 1944",168170,83,2026.14457831325
"1115","end terrace 2 floors","90 to 109 sqm","1919 to 1944",69684,21,3318.28571428571
"93","end terrace 2 floors","110 sqm or more","1919 to 1944",24493,9,2721.44444444444
"2166","end terrace 2 floors","less than 50 sqm","1945 to 1964",2106,2,1053
"43","end terrace 2 floors","50 to 69 sqm","1945 to 1964",119019,116,1026.02586206897
"164","end terrace 2 floors","70 to 89 sqm","1945 to 1964",166042,140,1186.01428571429
"231","end terrace 2 floors","90 to 109 sqm","1945 to 1964",35194,23,1530.17391304348
"1622","end terrace 2 floors","110 sqm or more","1945 to 1964",23442,9,2604.66666666667
"1346","end terrace 2 floors","50 to 69 sqm","1965 to 1974",49707,37,1343.43243243243
"134","end terrace 2 floors","70 to 89 sqm","1965 to 1974",109190,89,1226.85393258427
"2080","end terrace 2 floors","90 to 109 sqm","1965 to 1974",40503,22,1841.04545454545
"854","end terrace 2 floors","110 sqm or more","1965 to 1974",9657,7,1379.57142857143
"1371","end terrace 2 floors","less than 50 sqm","1975 to 1980",4498,5,899.6
"19","end terrace 2 floors","50 to 69 sqm","1975 to 1980",27563,19,1450.68421052632
"226","end terrace 2 floors","70 to 89 sqm","1975 to 1980",49426,43,1149.44186046512
"613","end terrace 2 floors","90 to 109 sqm","1975 to 1980",8410,5,1682
"1760","end terrace 2 floors","110 sqm or more","1975 to 1980",2360,2,1180
"970","end terrace 2 floors","less than 50 sqm","1981 to 1990",33221,13,2555.46153846154
"44","end terrace 2 floors","50 to 69 sqm","1981 to 1990",64530,43,1500.6976744186
"23","end terrace 2 floors","70 to 89 sqm","1981 to 1990",40977,22,1862.59090909091
"35","end terrace 2 floors","90 to 109 sqm","1981 to 1990",11820,7,1688.57142857143
"6358","end terrace 2 floors","110 sqm or more","1981 to 1990",2976,1,2976
"2996","end terrace 2 floors","less than 50 sqm","post 1990",15520,11,1410.90909090909
"26","end terrace 2 floors","50 to 69 sqm","post 1990",137213,76,1805.43421052632
"580","end terrace 2 floors","70 to 89 sqm","post 1990",94001,67,1403
"763","end terrace 2 floors","90 to 109 sqm","post 1990",11836,13,910.461538461538
"985","end terrace 2 floors","110 sqm or more","post 1990",11594,5,2318.8
"1684","end terrace 3 floors","50 to 69 sqm","pre 1850",2841,1,2841
"608","end terrace 3 floors","110 sqm or more","pre 1850",22110,7,3158.57142857143
"6883","end terrace 3 floors","less than 50 sqm","1850 to 1899",3074,1,3074
"12254","end terrace 3 floors","50 to 69 sqm","1850 to 1899",3657,1,3657
"2536","end terrace 3 floors","70 to 89 sqm","1850 to 1899",9149,5,1829.8
"4071","end terrace 3 floors","90 to 109 sqm","1850 to 1899",15807,7,2258.14285714286
"198","end terrace 3 floors","110 sqm or more","1850 to 1899",30361,12,2530.08333333333
"9554","end terrace 3 floors","less than 50 sqm","1900 to 1918",10198,3,3399.33333333333
"853","end terrace 3 floors","50 to 69 sqm","1900 to 1918",728,1,728
"869","end terrace 3 floors","70 to 89 sqm","1900 to 1918",23701,8,2962.625
"7278","end terrace 3 floors","90 to 109 sqm","1900 to 1918",8936,3,2978.66666666667
"1384","end terrace 3 floors","110 sqm or more","1900 to 1918",25105,12,2092.08333333333
"1564","end terrace 3 floors","less than 50 sqm","1919 to 1944",5204,2,2602
"3946","end terrace 3 floors","50 to 69 sqm","1919 to 1944",2426,1,2426
"10441","end terrace 3 floors","70 to 89 sqm","1919 to 1944",1267,1,1267
"2282","end terrace 3 floors","90 to 109 sqm","1919 to 1944",13369,5,2673.8
"3031","end terrace 3 floors","110 sqm or more","1919 to 1944",4710,2,2355
"11974","end terrace 3 floors","50 to 69 sqm","1945 to 1964",1905,1,1905
"5787","end terrace 3 floors","90 to 109 sqm","1945 to 1964",8799,3,2933
"3472","end terrace 3 floors","110 sqm or more","1945 to 1964",3509,2,1754.5
"3776","end terrace 3 floors","70 to 89 sqm","1965 to 1974",5163,3,1721
"102","end terrace 3 floors","90 to 109 sqm","1965 to 1974",14723,4,3680.75
"4818","end terrace 3 floors","110 sqm or more","1965 to 1974",9188,3,3062.66666666667
"8018","end terrace 3 floors","70 to 89 sqm","1975 to 1980",398,1,398
"2825","end terrace 3 floors","90 to 109 sqm","1975 to 1980",6102,5,1220.4
"1495","end terrace 3 floors","110 sqm or more","1975 to 1980",2209,1,2209
"9962","end terrace 3 floors","70 to 89 sqm","1981 to 1990",1958,1,1958
"5288","end terrace 3 floors","90 to 109 sqm","1981 to 1990",1463,2,731.5
"542","end terrace 3 floors","110 sqm or more","1981 to 1990",5297,4,1324.25
"4826","end terrace 3 floors","50 to 69 sqm","post 1990",3138,2,1569
"555","end terrace 3 floors","70 to 89 sqm","post 1990",20669,12,1722.41666666667
"1198","end terrace 3 floors","90 to 109 sqm","post 1990",28907,11,2627.90909090909
"2406","end terrace 3 floors","110 sqm or more","post 1990",43740,20,2187
"7396","end terrace 4 floors","110 sqm or more","post 1990",822,1,822
"670","Ground floor converted flat","less than 50 sqm","pre 1850",13226,6,2204.33333333333
"4975","Ground floor converted flat","70 to 89 sqm","pre 1850",1148,1,1148
"6881","Ground floor converted flat","90 to 109 sqm","pre 1850",4256,2,2128
"9763","Ground floor converted flat","110 sqm or more","pre 1850",1511,1,1511
"536","Ground floor converted flat","less than 50 sqm","1850 to 1899",50540,25,2021.6
"799","Ground floor converted flat","50 to 69 sqm","1850 to 1899",49471,20,2473.55
"462","Ground floor converted flat","70 to 89 sqm","1850 to 1899",16052,6,2675.33333333333
"2299","Ground floor converted flat","90 to 109 sqm","1850 to 1899",27204,7,3886.28571428571
"3730","Ground floor converted flat","110 sqm or more","1850 to 1899",5119,3,1706.33333333333
"1229","Ground floor converted flat","less than 50 sqm","1900 to 1918",34814,17,2047.88235294118
"889","Ground floor converted flat","50 to 69 sqm","1900 to 1918",34250,15,2283.33333333333
"3569","Ground floor converted flat","70 to 89 sqm","1900 to 1918",3941,4,985.25
"4341","Ground floor converted flat","90 to 109 sqm","1900 to 1918",11680,4,2920
"3399","Ground floor converted flat","110 sqm or more","1900 to 1918",7261,2,3630.5
"285","Ground floor converted flat","less than 50 sqm","1919 to 1944",24108,12,2009
"41","Ground floor converted flat","50 to 69 sqm","1919 to 1944",15355,10,1535.5
"110","Ground floor converted flat","70 to 89 sqm","1919 to 1944",4979,3,1659.66666666667
"11857","Ground floor converted flat","110 sqm or more","1919 to 1944",976,1,976
"3534","Ground floor converted flat","less than 50 sqm","1945 to 1964",8659,4,2164.75
"7209","Ground floor converted flat","50 to 69 sqm","1945 to 1964",1082,1,1082
"576","Ground floor converted flat","50 to 69 sqm","1965 to 1974",856,1,856
"6147","Ground floor purpose built flat, high rise","90 to 109 sqm","1850 to 1899",4370,1,4370
"12325","Ground floor purpose built flat, high rise","50 to 69 sqm","1900 to 1918",385,1,385
"5217","Ground floor purpose built flat, high rise","50 to 69 sqm","1919 to 1944",4623,1,4623
"8480","Ground floor purpose built flat, high rise","less than 50 sqm","1945 to 1964",2411,4,602.75
"465","Ground floor purpose built flat, high rise","50 to 69 sqm","1945 to 1964",6242,6,1040.33333333333
"2722","Ground floor purpose built flat, high rise","70 to 89 sqm","1945 to 1964",12184,1,12184
"4325","Ground floor purpose built flat, high rise","less than 50 sqm","1965 to 1974",3986,3,1328.66666666667
"3595","Ground floor purpose built flat, high rise","50 to 69 sqm","1965 to 1974",6550,4,1637.5
"4326","Ground floor purpose built flat, high rise","70 to 89 sqm","1965 to 1974",4226,5,845.2
"9227","Ground floor purpose built flat, high rise","90 to 109 sqm","1965 to 1974",7887,1,7887
"7281","Ground floor purpose built flat, high rise","50 to 69 sqm","post 1990",4421,1,4421
"1226","Ground floor purpose built flat, high rise","70 to 89 sqm","post 1990",7038,3,2346
"519","Ground floor purpose built flat, low rise","less than 50 sqm","1850 to 1899",3427,2,1713.5
"5291","Ground floor purpose built flat, low rise","50 to 69 sqm","1850 to 1899",16228,9,1803.11111111111
"7020","Ground floor purpose built flat, low rise","70 to 89 sqm","1850 to 1899",2466,1,2466
"548","Ground floor purpose built flat, low rise","110 sqm or more","1850 to 1899",5933,1,5933
"719","Ground floor purpose built flat, low rise","less than 50 sqm","1900 to 1918",3941,3,1313.66666666667
"523","Ground floor purpose built flat, low rise","50 to 69 sqm","1900 to 1918",15661,8,1957.625
"1953","Ground floor purpose built flat, low rise","70 to 89 sqm","1900 to 1918",3854,1,3854
"698","Ground floor purpose built flat, low rise","less than 50 sqm","1919 to 1944",18160,14,1297.14285714286
"152","Ground floor purpose built flat, low rise","50 to 69 sqm","1919 to 1944",43843,29,1511.8275862069
"2765","Ground floor purpose built flat, low rise","70 to 89 sqm","1919 to 1944",4543,3,1514.33333333333
"4477","Ground floor purpose built flat, low rise","90 to 109 sqm","1919 to 1944",5401,2,2700.5
"10711","Ground floor purpose built flat, low rise","110 sqm or more","1919 to 1944",750,1,750
"163","Ground floor purpose built flat, low rise","less than 50 sqm","1945 to 1964",97020,109,890.091743119266
"80","Ground floor purpose built flat, low rise","50 to 69 sqm","1945 to 1964",121357,130,933.515384615385
"120","Ground floor purpose built flat, low rise","70 to 89 sqm","1945 to 1964",44527,31,1436.35483870968
"1005","Ground floor purpose built flat, low rise","90 to 109 sqm","1945 to 1964",5146,4,1286.5
"37","Ground floor purpose built flat, low rise","less than 50 sqm","1965 to 1974",98539,97,1015.86597938144
"81","Ground floor purpose built flat, low rise","50 to 69 sqm","1965 to 1974",89396,87,1027.54022988506
"107","Ground floor purpose built flat, low rise","70 to 89 sqm","1965 to 1974",36382,34,1070.05882352941
"3296","Ground floor purpose built flat, low rise","90 to 109 sqm","1965 to 1974",3629,5,725.8
"5614","Ground floor purpose built flat, low rise","110 sqm or more","1965 to 1974",2657,2,1328.5
"17","Ground floor purpose built flat, low rise","less than 50 sqm","1975 to 1980",70337,63,1116.46031746032
"13","Ground floor purpose built flat, low rise","50 to 69 sqm","1975 to 1980",34779,36,966.083333333333
"442","Ground floor purpose built flat, low rise","70 to 89 sqm","1975 to 1980",8012,9,890.222222222222
"6969","Ground floor purpose built flat, low rise","110 sqm or more","1975 to 1980",536,1,536
"95","Ground floor purpose built flat, low rise","less than 50 sqm","1981 to 1990",129171,98,1318.07142857143
"171","Ground floor purpose built flat, low rise","50 to 69 sqm","1981 to 1990",64861,47,1380.02127659574
"10707","Ground floor purpose built flat, low rise","70 to 89 sqm","1981 to 1990",3555,3,1185
"1124","Ground floor purpose built flat, low rise","90 to 109 sqm","1981 to 1990",5062,3,1687.33333333333
"5618","Ground floor purpose built flat, low rise","110 sqm or more","1981 to 1990",2397,1,2397
"197","Ground floor purpose built flat, low rise","less than 50 sqm","post 1990",101300,67,1511.94029850746
"97","Ground floor purpose built flat, low rise","50 to 69 sqm","post 1990",143683,77,1866.01298701299
"837","Ground floor purpose built flat, low rise","70 to 89 sqm","post 1990",37236,17,2190.35294117647
"6139","Ground floor purpose built flat, low rise","90 to 109 sqm","post 1990",1474,2,737
"1820","Ground floor purpose built flat, low rise","110 sqm or more","post 1990",5939,2,2969.5
"309","Mid Floor converted flat","less than 50 sqm","pre 1850",9637,6,1606.16666666667
"509","Mid Floor converted flat","50 to 69 sqm","pre 1850",2851,2,1425.5
"3206","Mid Floor converted flat","70 to 89 sqm","pre 1850",1720,1,1720
"5933","Mid Floor converted flat","90 to 109 sqm","pre 1850",1170,1,1170
"4781","Mid Floor converted flat","110 sqm or more","pre 1850",5151,1,5151
"348","Mid Floor converted flat","less than 50 sqm","1850 to 1899",41587,26,1599.5
"601","Mid Floor converted flat","50 to 69 sqm","1850 to 1899",43579,13,3352.23076923077
"350","Mid Floor converted flat","70 to 89 sqm","1850 to 1899",10186,8,1273.25
"5173","Mid Floor converted flat","90 to 109 sqm","1850 to 1899",7418,1,7418
"2496","Mid Floor converted flat","110 sqm or more","1850 to 1899",7476,3,2492
"1353","Mid Floor converted flat","less than 50 sqm","1900 to 1918",16338,12,1361.5
"4391","Mid Floor converted flat","50 to 69 sqm","1900 to 1918",10002,7,1428.85714285714
"7577","Mid Floor converted flat","70 to 89 sqm","1900 to 1918",2378,2,1189
"1113","Mid Floor converted flat","90 to 109 sqm","1900 to 1918",2970,1,2970
"5613","Mid Floor converted flat","110 sqm or more","1900 to 1918",8933,2,4466.5
"11385","Mid Floor converted flat","less than 50 sqm","1919 to 1944",1660,1,1660
"656","Mid Floor converted flat","50 to 69 sqm","1919 to 1944",4262,3,1420.66666666667
"2549","Mid Floor converted flat","less than 50 sqm","1945 to 1964",7255,2,3627.5
"10408","Mid Floor converted flat","50 to 69 sqm","1965 to 1974",1378,1,1378
"3075","Mid Floor purpose built flat, high rise","50 to 69 sqm","pre 1850",1877,1,1877
"12345","Mid Floor purpose built flat, high rise","50 to 69 sqm","1900 to 1918",1255,1,1255
"9991","Mid Floor purpose built flat, high rise","70 to 89 sqm","1900 to 1918",731,1,731
"1981","Mid Floor purpose built flat, high rise","less than 50 sqm","1919 to 1944",15233,5,3046.6
"6271","Mid Floor purpose built flat, high rise","50 to 69 sqm","1919 to 1944",6744,3,2248
"352","Mid Floor purpose built flat, high rise","70 to 89 sqm","1919 to 1944",6718,4,1679.5
"569","Mid Floor purpose built flat, high rise","less than 50 sqm","1945 to 1964",23648,22,1074.90909090909
"355","Mid Floor purpose built flat, high rise","50 to 69 sqm","1945 to 1964",32217,31,1039.25806451613
"552","Mid Floor purpose built flat, high rise","70 to 89 sqm","1945 to 1964",7216,10,721.6
"3583","Mid Floor purpose built flat, high rise","90 to 109 sqm","1945 to 1964",1932,2,966
"220","Mid Floor purpose built flat, high rise","less than 50 sqm","1965 to 1974",32166,37,869.351351351351
"51","Mid Floor purpose built flat, high rise","50 to 69 sqm","1965 to 1974",76402,71,1076.08450704225
"512","Mid Floor purpose built flat, high rise","70 to 89 sqm","1965 to 1974",17115,13,1316.53846153846
"10718","Mid Floor purpose built flat, high rise","90 to 109 sqm","1965 to 1974",3601,2,1800.5
"8069","Mid Floor purpose built flat, high rise","110 sqm or more","1965 to 1974",2532,1,2532
"96","Mid Floor purpose built flat, high rise","less than 50 sqm","1975 to 1980",3691,4,922.75
"891","Mid Floor purpose built flat, high rise","50 to 69 sqm","1975 to 1980",3531,6,588.5
"11525","Mid Floor purpose built flat, high rise","70 to 89 sqm","1975 to 1980",9446,1,9446
"11779","Mid Floor purpose built flat, high rise","less than 50 sqm","1981 to 1990",795,1,795
"1257","Mid Floor purpose built flat, high rise","50 to 69 sqm","1981 to 1990",7254,4,1813.5
"9584","Mid Floor purpose built flat, high rise","70 to 89 sqm","1981 to 1990",1033,1,1033
"264","Mid Floor purpose built flat, high rise","less than 50 sqm","post 1990",30294,14,2163.85714285714
"746","Mid Floor purpose built flat, high rise","50 to 69 sqm","post 1990",46993,19,2473.31578947368
"463","Mid Floor purpose built flat, high rise","70 to 89 sqm","post 1990",27957,14,1996.92857142857
"1526","Mid Floor purpose built flat, high rise","90 to 109 sqm","post 1990",10159,4,2539.75
"7788","Mid Floor purpose built flat, high rise","110 sqm or more","post 1990",1931,1,1931
"7752","Mid Floor purpose built flat, low rise","50 to 69 sqm","pre 1850",1255,1,1255
"3083","Mid Floor purpose built flat, low rise","less than 50 sqm","1850 to 1899",944,1,944
"2782","Mid Floor purpose built flat, low rise","50 to 69 sqm","1850 to 1899",1648,2,824
"438","Mid Floor purpose built flat, low rise","less than 50 sqm","1900 to 1918",6527,4,1631.75
"1238","Mid Floor purpose built flat, low rise","50 to 69 sqm","1900 to 1918",5026,4,1256.5
"6397","Mid Floor purpose built flat, low rise","90 to 109 sqm","1900 to 1918",4278,2,2139
"2003","Mid Floor purpose built flat, low rise","less than 50 sqm","1919 to 1944",9358,10,935.8
"532","Mid Floor purpose built flat, low rise","50 to 69 sqm","1919 to 1944",40717,22,1850.77272727273
"4338","Mid Floor purpose built flat, low rise","70 to 89 sqm","1919 to 1944",7605,5,1521
"529","Mid Floor purpose built flat, low rise","90 to 109 sqm","1919 to 1944",4046,3,1348.66666666667
"153","Mid Floor purpose built flat, low rise","less than 50 sqm","1945 to 1964",35122,24,1463.41666666667
"472","Mid Floor purpose built flat, low rise","50 to 69 sqm","1945 to 1964",86224,66,1306.42424242424
"488","Mid Floor purpose built flat, low rise","70 to 89 sqm","1945 to 1964",24822,15,1654.8
"65","Mid Floor purpose built flat, low rise","less than 50 sqm","1965 to 1974",53439,38,1406.28947368421
"317","Mid Floor purpose built flat, low rise","50 to 69 sqm","1965 to 1974",49870,33,1511.21212121212
"562","Mid Floor purpose built flat, low rise","70 to 89 sqm","1965 to 1974",19365,19,1019.21052631579
"8556","Mid Floor purpose built flat, low rise","90 to 109 sqm","1965 to 1974",405,1,405
"194","Mid Floor purpose built flat, low rise","less than 50 sqm","1975 to 1980",47292,31,1525.54838709677
"408","Mid Floor purpose built flat, low rise","50 to 69 sqm","1975 to 1980",41854,16,2615.875
"543","Mid Floor purpose built flat, low rise","70 to 89 sqm","1975 to 1980",11119,6,1853.16666666667
"12351","Mid Floor purpose built flat, low rise","90 to 109 sqm","1975 to 1980",861,1,861
"1497","Mid Floor purpose built flat, low rise","110 sqm or more","1975 to 1980",1460,1,1460
"490","Mid Floor purpose built flat, low rise","less than 50 sqm","1981 to 1990",32824,25,1312.96
"2540","Mid Floor purpose built flat, low rise","50 to 69 sqm","1981 to 1990",31336,16,1958.5
"7872","Mid Floor purpose built flat, low rise","70 to 89 sqm","1981 to 1990",1988,1,1988
"342","Mid Floor purpose built flat, low rise","less than 50 sqm","post 1990",74680,41,1821.46341463415
"94","Mid Floor purpose built flat, low rise","50 to 69 sqm","post 1990",112016,50,2240.32
"1276","Mid Floor purpose built flat, low rise","70 to 89 sqm","post 1990",25785,10,2578.5
"2024","Mid Floor purpose built flat, low rise","90 to 109 sqm","post 1990",3041,3,1013.66666666667
"5134","Mid Floor purpose built flat, low rise","110 sqm or more","post 1990",5043,1,5043
"1740","mid terrace 2 floors","less than 50 sqm","pre 1850",17697,5,3539.4
"672","mid terrace 2 floors","50 to 69 sqm","pre 1850",19562,10,1956.2
"372","mid terrace 2 floors","70 to 89 sqm","pre 1850",26342,9,2926.88888888889
"2444","mid terrace 2 floors","90 to 109 sqm","pre 1850",8771,3,2923.66666666667
"344","mid terrace 2 floors","110 sqm or more","pre 1850",26652,11,2422.90909090909
"74","mid terrace 2 floors","less than 50 sqm","1850 to 1899",41869,20,2093.45
"124","mid terrace 2 floors","50 to 69 sqm","1850 to 1899",195085,95,2053.52631578947
"3","mid terrace 2 floors","70 to 89 sqm","1850 to 1899",192981,97,1989.49484536082
"126","mid terrace 2 floors","90 to 109 sqm","1850 to 1899",77689,36,2158.02777777778
"240","mid terrace 2 floors","110 sqm or more","1850 to 1899",57531,21,2739.57142857143
"85","mid terrace 2 floors","less than 50 sqm","1900 to 1918",28152,18,1564
"84","mid terrace 2 floors","50 to 69 sqm","1900 to 1918",237347,117,2028.60683760684
"211","mid terrace 2 floors","70 to 89 sqm","1900 to 1918",230576,103,2238.60194174757
"261","mid terrace 2 floors","90 to 109 sqm","1900 to 1918",104334,45,2318.53333333333
"128","mid terrace 2 floors","110 sqm or more","1900 to 1918",54957,18,3053.16666666667
"851","mid terrace 2 floors","less than 50 sqm","1919 to 1944",18334,10,1833.4
"34","mid terrace 2 floors","50 to 69 sqm","1919 to 1944",228679,153,1494.6339869281
"91","mid terrace 2 floors","70 to 89 sqm","1919 to 1944",241105,125,1928.84
"61","mid terrace 2 floors","90 to 109 sqm","1919 to 1944",82180,31,2650.96774193548
"609","mid terrace 2 floors","110 sqm or more","1919 to 1944",13478,5,2695.6
"815","mid terrace 2 floors","less than 50 sqm","1945 to 1964",1973,3,657.666666666667
"40","mid terrace 2 floors","50 to 69 sqm","1945 to 1964",125376,132,949.818181818182
"2","mid terrace 2 floors","70 to 89 sqm","1945 to 1964",250919,217,1156.30875576037
"79","mid terrace 2 floors","90 to 109 sqm","1945 to 1964",65676,41,1601.85365853659
"4393","mid terrace 2 floors","110 sqm or more","1945 to 1964",8775,3,2925
"362","mid terrace 2 floors","less than 50 sqm","1965 to 1974",9034,6,1505.66666666667
"405","mid terrace 2 floors","50 to 69 sqm","1965 to 1974",81387,56,1453.33928571429
"49","mid terrace 2 floors","70 to 89 sqm","1965 to 1974",231315,170,1360.67647058824
"1051","mid terrace 2 floors","90 to 109 sqm","1965 to 1974",33083,24,1378.45833333333
"1159","mid terrace 2 floors","110 sqm or more","1965 to 1974",9387,8,1173.375
"1157","mid terrace 2 floors","less than 50 sqm","1975 to 1980",13739,8,1717.375
"798","mid terrace 2 floors","50 to 69 sqm","1975 to 1980",67867,37,1834.24324324324
"104","mid terrace 2 floors","70 to 89 sqm","1975 to 1980",91494,72,1270.75
"2748","mid terrace 2 floors","90 to 109 sqm","1975 to 1980",12934,12,1077.83333333333
"2276","mid terrace 2 floors","110 sqm or more","1975 to 1980",902,2,451
"495","mid terrace 2 floors","less than 50 sqm","1981 to 1990",68371,33,2071.84848484848
"82","mid terrace 2 floors","50 to 69 sqm","1981 to 1990",78275,40,1956.875
"227","mid terrace 2 floors","70 to 89 sqm","1981 to 1990",44813,52,861.788461538462
"1160","mid terrace 2 floors","90 to 109 sqm","1981 to 1990",12357,9,1373
"33","mid terrace 2 floors","110 sqm or more","1981 to 1990",3939,2,1969.5
"193","mid terrace 2 floors","less than 50 sqm","post 1990",33732,17,1984.23529411765
"334","mid terrace 2 floors","50 to 69 sqm","post 1990",184226,104,1771.40384615385
"25","mid terrace 2 floors","70 to 89 sqm","post 1990",72011,53,1358.69811320755
"1319","mid terrace 2 floors","90 to 109 sqm","post 1990",15314,7,2187.71428571429
"4682","mid terrace 2 floors","110 sqm or more","post 1990",5259,3,1753
"3525","mid terrace 3 floors","less than 50 sqm","pre 1850",3291,2,1645.5
"325","mid terrace 3 floors","50 to 69 sqm","pre 1850",8438,2,4219
"5920","mid terrace 3 floors","70 to 89 sqm","pre 1850",656,1,656
"5737","mid terrace 3 floors","90 to 109 sqm","pre 1850",7574,2,3787
"1057","mid terrace 3 floors","110 sqm or more","pre 1850",34755,12,2896.25
"852","mid terrace 3 floors","less than 50 sqm","1850 to 1899",10247,6,1707.83333333333
"206","mid terrace 3 floors","50 to 69 sqm","1850 to 1899",19144,8,2393
"158","mid terrace 3 floors","70 to 89 sqm","1850 to 1899",19971,14,1426.5
"127","mid terrace 3 floors","90 to 109 sqm","1850 to 1899",23079,12,1923.25
"136","mid terrace 3 floors","110 sqm or more","1850 to 1899",90448,34,2660.23529411765
"873","mid terrace 3 floors","less than 50 sqm","1900 to 1918",11314,4,2828.5
"119","mid terrace 3 floors","50 to 69 sqm","1900 to 1918",18045,10,1804.5
"549","mid terrace 3 floors","70 to 89 sqm","1900 to 1918",38652,16,2415.75
"286","mid terrace 3 floors","90 to 109 sqm","1900 to 1918",61827,24,2576.125
"395","mid terrace 3 floors","110 sqm or more","1900 to 1918",91975,27,3406.48148148148
"3947","mid terrace 3 floors","50 to 69 sqm","1919 to 1944",14138,6,2356.33333333333
"275","mid terrace 3 floors","70 to 89 sqm","1919 to 1944",35170,11,3197.27272727273
"3732","mid terrace 3 floors","90 to 109 sqm","1919 to 1944",26766,10,2676.6
"396","mid terrace 3 floors","110 sqm or more","1919 to 1944",35080,10,3508
"1891","mid terrace 3 floors","70 to 89 sqm","1945 to 1964",7867,5,1573.4
"4288","mid terrace 3 floors","90 to 109 sqm","1945 to 1964",3061,3,1020.33333333333
"3655","mid terrace 3 floors","110 sqm or more","1945 to 1964",2601,3,867
"5663","mid terrace 3 floors","50 to 69 sqm","1965 to 1974",1957,1,1957
"2499","mid terrace 3 floors","70 to 89 sqm","1965 to 1974",8984,6,1497.33333333333
"52","mid terrace 3 floors","90 to 109 sqm","1965 to 1974",13736,9,1526.22222222222
"39","mid terrace 3 floors","110 sqm or more","1965 to 1974",9299,6,1549.83333333333
"228","mid terrace 3 floors","70 to 89 sqm","1975 to 1980",1920,2,960
"1279","mid terrace 3 floors","90 to 109 sqm","1975 to 1980",6645,5,1329
"8460","mid terrace 3 floors","110 sqm or more","1975 to 1980",3463,5,692.6
"6987","mid terrace 3 floors","50 to 69 sqm","1981 to 1990",2491,2,1245.5
"2886","mid terrace 3 floors","70 to 89 sqm","1981 to 1990",8946,5,1789.2
"505","mid terrace 3 floors","90 to 109 sqm","1981 to 1990",8732,8,1091.5
"2037","mid terrace 3 floors","110 sqm or more","1981 to 1990",9053,4,2263.25
"6623","mid terrace 3 floors","50 to 69 sqm","post 1990",6049,3,2016.33333333333
"262","mid terrace 3 floors","70 to 89 sqm","post 1990",32569,18,1809.38888888889
"499","mid terrace 3 floors","90 to 109 sqm","post 1990",50605,26,1946.34615384615
"606","mid terrace 3 floors","110 sqm or more","post 1990",39813,18,2211.83333333333
"349","mid terrace 4 floors","110 sqm or more","pre 1850",8288,3,2762.66666666667
"4782","mid terrace 4 floors","110 sqm or more","1850 to 1899",1596,1,1596
"5952","mid terrace 4 floors","90 to 109 sqm","1900 to 1918",1641,1,1641
"3396","mid terrace 4 floors","110 sqm or more","post 1990",3896,2,1948
"4802","purpose built flat, low rise 1 floors","less than 50 sqm","1965 to 1974",766,1,766
"1510","semi detached 2 floors","50 to 69 sqm","pre 1850",11181,3,3727
"253","semi detached 2 floors","70 to 89 sqm","pre 1850",11824,5,2364.8
"3333","semi detached 2 floors","90 to 109 sqm","pre 1850",21761,8,2720.125
"426","semi detached 2 floors","110 sqm or more","pre 1850",51052,20,2552.6
"294","semi detached 2 floors","less than 50 sqm","1850 to 1899",2896,2,1448
"1664","semi detached 2 floors","50 to 69 sqm","1850 to 1899",20298,8,2537.25
"278","semi detached 2 floors","70 to 89 sqm","1850 to 1899",34816,17,2048
"243","semi detached 2 floors","90 to 109 sqm","1850 to 1899",48644,22,2211.09090909091
"1","semi detached 2 floors","110 sqm or more","1850 to 1899",67108,24,2796.16666666667
"5148","semi detached 2 floors","less than 50 sqm","1900 to 1918",4056,2,2028
"416","semi detached 2 floors","50 to 69 sqm","1900 to 1918",36307,17,2135.70588235294
"1636","semi detached 2 floors","70 to 89 sqm","1900 to 1918",47245,24,1968.54166666667
"1112","semi detached 2 floors","90 to 109 sqm","1900 to 1918",33947,17,1996.88235294118
"368","semi detached 2 floors","110 sqm or more","1900 to 1918",79474,27,2943.48148148148
"4776","semi detached 2 floors","less than 50 sqm","1919 to 1944",14080,6,2346.66666666667
"5","semi detached 2 floors","50 to 69 sqm","1919 to 1944",303487,201,1509.8855721393
"10","semi detached 2 floors","70 to 89 sqm","1919 to 1944",704839,356,1979.88483146067
"70","semi detached 2 floors","90 to 109 sqm","1919 to 1944",300426,125,2403.408
"150","semi detached 2 floors","110 sqm or more","1919 to 1944",288904,103,2804.8932038835
"682","semi detached 2 floors","less than 50 sqm","1945 to 1964",8248,7,1178.28571428571
"62","semi detached 2 floors","50 to 69 sqm","1945 to 1964",250345,229,1093.2096069869
"7","semi detached 2 floors","70 to 89 sqm","1945 to 1964",926081,572,1619.02272727273
"9","semi detached 2 floors","90 to 109 sqm","1945 to 1964",299532,152,1970.60526315789
"210","semi detached 2 floors","110 sqm or more","1945 to 1964",180494,68,2654.32352941176
"3857","semi detached 2 floors","less than 50 sqm","1965 to 1974",8784,3,2928
"129","semi detached 2 floors","50 to 69 sqm","1965 to 1974",149267,58,2573.56896551724
"116","semi detached 2 floors","70 to 89 sqm","1965 to 1974",276275,131,2108.96946564886
"295","semi detached 2 floors","90 to 109 sqm","1965 to 1974",148936,52,2864.15384615385
"30","semi detached 2 floors","110 sqm or more","1965 to 1974",98447,40,2461.175
"6299","semi detached 2 floors","less than 50 sqm","1975 to 1980",4755,2,2377.5
"184","semi detached 2 floors","50 to 69 sqm","1975 to 1980",55164,21,2626.85714285714
"377","semi detached 2 floors","70 to 89 sqm","1975 to 1980",99534,43,2314.74418604651
"971","semi detached 2 floors","90 to 109 sqm","1975 to 1980",24897,9,2766.33333333333
"1007","semi detached 2 floors","110 sqm or more","1975 to 1980",24697,9,2744.11111111111
"1852","semi detached 2 floors","less than 50 sqm","1981 to 1990",15203,9,1689.22222222222
"186","semi detached 2 floors","50 to 69 sqm","1981 to 1990",148445,60,2474.08333333333
"201","semi detached 2 floors","70 to 89 sqm","1981 to 1990",87728,47,1866.55319148936
"27","semi detached 2 floors","90 to 109 sqm","1981 to 1990",26670,10,2667
"2132","semi detached 2 floors","110 sqm or more","1981 to 1990",9391,3,3130.33333333333
"173","semi detached 2 floors","less than 50 sqm","post 1990",25941,13,1995.46153846154
"36","semi detached 2 floors","50 to 69 sqm","post 1990",158720,86,1845.58139534884
"339","semi detached 2 floors","70 to 89 sqm","post 1990",180682,116,1557.60344827586
"928","semi detached 2 floors","90 to 109 sqm","post 1990",32732,16,2045.75
"834","semi detached 2 floors","110 sqm or more","post 1990",15782,10,1578.2
"3712","semi detached 3 floors","110 sqm or more","pre 1850",21355,8,2669.375
"11894","semi detached 3 floors","50 to 69 sqm","1850 to 1899",6617,2,3308.5
"894","semi detached 3 floors","90 to 109 sqm","1850 to 1899",3488,2,1744
"1581","semi detached 3 floors","110 sqm or more","1850 to 1899",76607,23,3330.73913043478
"7867","semi detached 3 floors","50 to 69 sqm","1900 to 1918",1242,1,1242
"1571","semi detached 3 floors","70 to 89 sqm","1900 to 1918",8849,3,2949.66666666667
"4318","semi detached 3 floors","90 to 109 sqm","1900 to 1918",19461,5,3892.2
"147","semi detached 3 floors","110 sqm or more","1900 to 1918",76819,23,3339.95652173913
"8715","semi detached 3 floors","70 to 89 sqm","1919 to 1944",1765,1,1765
"391","semi detached 3 floors","90 to 109 sqm","1919 to 1944",13692,6,2282
"179","semi detached 3 floors","110 sqm or more","1919 to 1944",90761,27,3361.51851851852
"4698","semi detached 3 floors","50 to 69 sqm","1945 to 1964",1270,1,1270
"4544","semi detached 3 floors","70 to 89 sqm","1945 to 1964",4343,2,2171.5
"76","semi detached 3 floors","90 to 109 sqm","1945 to 1964",24215,10,2421.5
"774","semi detached 3 floors","110 sqm or more","1945 to 1964",38315,13,2947.30769230769
"2259","semi detached 3 floors","90 to 109 sqm","1965 to 1974",4569,2,2284.5
"1583","semi detached 3 floors","110 sqm or more","1965 to 1974",9600,4,2400
"11906","semi detached 3 floors","70 to 89 sqm","1975 to 1980",2427,1,2427
"2464","semi detached 3 floors","110 sqm or more","1975 to 1980",5923,2,2961.5
"8274","semi detached 3 floors","90 to 109 sqm","1981 to 1990",4939,2,2469.5
"8670","semi detached 3 floors","110 sqm or more","1981 to 1990",2252,1,2252
"7208","semi detached 3 floors","50 to 69 sqm","post 1990",1444,2,722
"28","semi detached 3 floors","70 to 89 sqm","post 1990",14150,7,2021.42857142857
"1541","semi detached 3 floors","90 to 109 sqm","post 1990",11867,6,1977.83333333333
"2218","semi detached 3 floors","110 sqm or more","post 1990",15932,8,1991.5
"1714","Top Floor converted flat","less than 50 sqm","pre 1850",7326,3,2442
"3460","Top Floor converted flat","50 to 69 sqm","pre 1850",5516,4,1379
"3334","Top Floor converted flat","70 to 89 sqm","pre 1850",15391,6,2565.16666666667
"2606","Top Floor converted flat","90 to 109 sqm","pre 1850",3368,2,1684
"5063","Top Floor converted flat","110 sqm or more","pre 1850",3520,2,1760
"381","Top Floor converted flat","less than 50 sqm","1850 to 1899",36432,19,1917.47368421053
"380","Top Floor converted flat","50 to 69 sqm","1850 to 1899",57459,24,2394.125
"189","Top Floor converted flat","70 to 89 sqm","1850 to 1899",35576,17,2092.70588235294
"3198","Top Floor converted flat","90 to 109 sqm","1850 to 1899",4065,2,2032.5
"1050","Top Floor converted flat","110 sqm or more","1850 to 1899",19939,5,3987.8
"1233","Top Floor converted flat","less than 50 sqm","1900 to 1918",41112,16,2569.5
"1600","Top Floor converted flat","50 to 69 sqm","1900 to 1918",32245,16,2015.3125
"1525","Top Floor converted flat","70 to 89 sqm","1900 to 1918",19925,10,1992.5
"2430","Top Floor converted flat","90 to 109 sqm","1900 to 1918",7841,5,1568.2
"1040","Top Floor converted flat","110 sqm or more","1900 to 1918",18381,8,2297.625
"291","Top Floor converted flat","less than 50 sqm","1919 to 1944",4804,4,1201
"545","Top Floor converted flat","50 to 69 sqm","1919 to 1944",26811,10,2681.1
"581","Top Floor converted flat","70 to 89 sqm","1919 to 1944",4631,3,1543.66666666667
"6094","Top Floor converted flat","90 to 109 sqm","1919 to 1944",1425,1,1425
"5926","Top Floor converted flat","less than 50 sqm","1945 to 1964",4622,6,770.333333333333
"1759","Top Floor converted flat","50 to 69 sqm","1945 to 1964",4518,1,4518
"9970","Top Floor converted flat","70 to 89 sqm","1945 to 1964",1362,1,1362
"2586","Top Floor converted flat","110 sqm or more","1945 to 1964",1563,1,1563
"3377","Top Floor converted flat","50 to 69 sqm","1965 to 1974",4466,2,2233
"3179","Top Floor converted flat","less than 50 sqm","1975 to 1980",1196,1,1196
"9218","Top Floor converted flat","50 to 69 sqm","1975 to 1980",331,1,331
"8225","Top Floor converted flat","less than 50 sqm","1981 to 1990",1534,1,1534
"1821","Top Floor converted flat","50 to 69 sqm","1981 to 1990",1690,1,1690
"10703","Top Floor converted flat","50 to 69 sqm","post 1990",4502,1,4502
"9294","Top Floor purpose built flat, high rise","70 to 89 sqm","1850 to 1899",920,1,920
"2723","Top Floor purpose built flat, high rise","70 to 89 sqm","1919 to 1944",2022,1,2022
"9996","Top Floor purpose built flat, high rise","less than 50 sqm","1945 to 1964",418,1,418
"1976","Top Floor purpose built flat, high rise","50 to 69 sqm","1945 to 1964",6351,9,705.666666666667
"2075","Top Floor purpose built flat, high rise","less than 50 sqm","1965 to 1974",2982,3,994
"7825","Top Floor purpose built flat, high rise","50 to 69 sqm","1965 to 1974",1101,2,550.5
"11590","Top Floor purpose built flat, high rise","70 to 89 sqm","1965 to 1974",500,1,500
"2249","Top Floor purpose built flat, high rise","less than 50 sqm","1975 to 1980",1162,1,1162
"7518","Top Floor purpose built flat, high rise","50 to 69 sqm","1975 to 1980",1876,2,938
"9566","Top Floor purpose built flat, high rise","110 sqm or more","1975 to 1980",1538,1,1538
"500","Top Floor purpose built flat, high rise","50 to 69 sqm","1981 to 1990",5224,1,5224
"11582","Top Floor purpose built flat, high rise","70 to 89 sqm","1981 to 1990",869,1,869
"1083","Top Floor purpose built flat, high rise","50 to 69 sqm","post 1990",1927,2,963.5
"2739","Top Floor purpose built flat, high rise","70 to 89 sqm","post 1990",6645,4,1661.25
"8526","Top Floor purpose built flat, high rise","90 to 109 sqm","post 1990",9948,2,4974
"8863","Top Floor purpose built flat, low rise","less than 50 sqm","pre 1850",2629,2,1314.5
"12415","Top Floor purpose built flat, low rise","90 to 109 sqm","pre 1850",1947,1,1947
"6429","Top Floor purpose built flat, low rise","less than 50 sqm","1850 to 1899",1915,2,957.5
"2918","Top Floor purpose built flat, low rise","50 to 69 sqm","1850 to 1899",10027,5,2005.4
"4696","Top Floor purpose built flat, low rise","70 to 89 sqm","1850 to 1899",8064,5,1612.8
"1248","Top Floor purpose built flat, low rise","90 to 109 sqm","1850 to 1899",630,1,630
"466","Top Floor purpose built flat, low rise","less than 50 sqm","1900 to 1918",13881,7,1983
"1929","Top Floor purpose built flat, low rise","50 to 69 sqm","1900 to 1918",22860,6,3810
"5165","Top Floor purpose built flat, low rise","70 to 89 sqm","1900 to 1918",12675,4,3168.75
"5497","Top Floor purpose built flat, low rise","110 sqm or more","1900 to 1918",2999,2,1499.5
"483","Top Floor purpose built flat, low rise","less than 50 sqm","1919 to 1944",32053,17,1885.47058823529
"217","Top Floor purpose built flat, low rise","50 to 69 sqm","1919 to 1944",53577,30,1785.9
"559","Top Floor purpose built flat, low rise","70 to 89 sqm","1919 to 1944",21480,14,1534.28571428571
"6427","Top Floor purpose built flat, low rise","90 to 109 sqm","1919 to 1944",1703,1,1703
"5774","Top Floor purpose built flat, low rise","110 sqm or more","1919 to 1944",3198,2,1599
"137","Top Floor purpose built flat, low rise","less than 50 sqm","1945 to 1964",118047,84,1405.32142857143
"87","Top Floor purpose built flat, low rise","50 to 69 sqm","1945 to 1964",124826,127,982.88188976378
"133","Top Floor purpose built flat, low rise","70 to 89 sqm","1945 to 1964",41638,32,1301.1875
"7808","Top Floor purpose built flat, low rise","90 to 109 sqm","1945 to 1964",4101,4,1025.25
"7010","Top Floor purpose built flat, low rise","110 sqm or more","1945 to 1964",901,1,901
"378","Top Floor purpose built flat, low rise","less than 50 sqm","1965 to 1974",87049,72,1209.01388888889
"92","Top Floor purpose built flat, low rise","50 to 69 sqm","1965 to 1974",128277,97,1322.44329896907
"566","Top Floor purpose built flat, low rise","70 to 89 sqm","1965 to 1974",38459,27,1424.40740740741
"471","Top Floor purpose built flat, low rise","90 to 109 sqm","1965 to 1974",4695,4,1173.75
"1125","Top Floor purpose built flat, low rise","110 sqm or more","1965 to 1974",1186,3,395.333333333333
"21","Top Floor purpose built flat, low rise","less than 50 sqm","1975 to 1980",91133,81,1125.0987654321
"38","Top Floor purpose built flat, low rise","50 to 69 sqm","1975 to 1980",57633,54,1067.27777777778
"251","Top Floor purpose built flat, low rise","70 to 89 sqm","1975 to 1980",3982,5,796.4
"22","Top Floor purpose built flat, low rise","less than 50 sqm","1981 to 1990",123909,97,1277.41237113402
"740","Top Floor purpose built flat, low rise","50 to 69 sqm","1981 to 1990",40754,36,1132.05555555556
"1287","Top Floor purpose built flat, low rise","70 to 89 sqm","1981 to 1990",22628,9,2514.22222222222
"7848","Top Floor purpose built flat, low rise","90 to 109 sqm","1981 to 1990",1135,1,1135
"1068","Top Floor purpose built flat, low rise","110 sqm or more","1981 to 1990",2611,2,1305.5
"90","Top Floor purpose built flat, low rise","less than 50 sqm","post 1990",130167,80,1627.0875
"263","Top Floor purpose built flat, low rise","50 to 69 sqm","post 1990",117526,64,1836.34375
"246","Top Floor purpose built flat, low rise","70 to 89 sqm","post 1990",30395,17,1787.94117647059
"478","Top Floor purpose built flat, low rise","90 to 109 sqm","post 1990",7123,3,2374.33333333333
"5068","Top Floor purpose built flat, low rise","110 sqm or more","post 1990",15140,2,7570
"373","Top Floor semi detached","50 to 69 sqm","1945 to 1964",3001,1,3001
